time,open,high,low,close,volume
2023-11-08T08:30:00.000Z,7.27846,7.27855,7.2784,7.27854,27
